{
  "EmployeeID": {
    "0": "E001    ",
    "1": "E002    ",
    "2": "E003    ",
    "3": "E004    ",
    "4": "E005    ",
    "5": "E006    ",
    "6": "E007    ",
    "7": "E008    ",
    "8": "E009    ",
    "9": "E010    ",
    "10": "EmployeeID",
    "11": "E011    ",
    "12": "E012    ",
    "13": "E013    ",
    "14": "E014    ",
    "15": "E015    ",
    "16": "E016    ",
    "17": "E017    ",
    "18": "E018    ",
    "19": "E019    ",
    "20": "E020    ",
    "21": "E021    ",
    "22": "E022    ",
    "23": "E023    ",
    "24": "E024    ",
    "25": "E025    ",
    "26": "E026    ",
    "27": "E027    ",
    "28": "E028    ",
    "29": "E029    ",
    "30": "E030    ",
    "31": "E031    ",
    "32": "E032    ",
    "33": "E033    ",
    "34": "E034    ",
    "35": "E035    ",
    "36": "E036    ",
    "37": "E037    ",
    "38": "E038    ",
    "39": "E039    ",
    "40": "E040    ",
    "41": "E041    ",
    "42": "E042    ",
    "43": "E043    ",
    "44": "E044    ",
    "45": "E045    ",
    "46": "E046    ",
    "47": "E047    "
  },
  "Department": {
    "0": " Finance  ",
    "1": " IT        ",
    "2": " HR        ",
    "3": " Marketing ",
    "4": " IT        ",
    "5": " Finance   ",
    "6": " HR        ",
    "7": " Marketing ",
    "8": " Finance   ",
    "9": " IT        ",
    "10": "Department",
    "11": " IT        ",
    "12": " IT        ",
    "13": " Marketing ",
    "14": " Finance   ",
    "15": " HR        ",
    "16": " IT        ",
    "17": " Finance   ",
    "18": " HR        ",
    "19": " Marketing ",
    "20": " IT        ",
    "21": " IT        ",
    "22": " Finance   ",
    "23": " Marketing",
    "24": " HR        ",
    "25": " IT        ",
    "26": " HR        ",
    "27": "Finance   ",
    "28": " Marketing ",
    "29": " IT        ",
    "30": " 12345",
    "31": " IT        ",
    "32": " Finance   ",
    "33": " Marketing",
    "34": " HR        ",
    "35": " IT        ",
    "36": " Finance   ",
    "37": " HR        ",
    "38": " Marketing ",
    "39": " IT        ",
    "40": " Finance   ",
    "41": " HR        ",
    "42": " IT        ",
    "43": " Marketing",
    "44": " 47000",
    "45": " HR        ",
    "46": " IT        ",
    "47": " Marketing "
  },
  "Salary": {
    "0": " 55000",
    "1": " 90000",
    "2": " 47000",
    "3": " 75000",
    "4": "125000",
    "5": " 85000",
    "6": " 62000",
    "7": " 43000",
    "8": "110000",
    "9": " 70000",
    "10": "Salary",
    "11": " 100000",
    "12": "-87500",
    "13": "200150",
    "14": "-39400",
    "15": "10000A",
    "16": " 75000",
    "17": "102000",
    "18": "  49999",
    "19": "100000",
    "20": " 70000",
    "21": " 30000",
    "22": "180000",
    "23": " 99999",
    "24": "-20000",
    "25": "150075",
    "26": "  45000",
    "27": "  48000",
    "28": " 98000",
    "29": " 75000",
    "30": null,
    "31": " 71000",
    "32": "155000",
    "33": "  51000",
    "34": "  60000",
    "35": "127000",
    "36": "  82000",
    "37": " 61000",
    "38": " 43000",
    "39": " 88000",
    "40": " 97000",
    "41": " 57000",
    "42": "120000",
    "43": " 80000",
    "44": null,
    "45": " 64000",
    "46": " 70000",
    "47": "  5000"
  },
  "ParsedBirthDate": {
    "0": 645148800000,
    "1": 568166400000,
    "2": 805766400000,
    "3": 717206400000,
    "4": 479952000000,
    "5": 343612800000,
    "6": 729734400000,
    "7": 923616000000,
    "8": 833155200000,
    "9": 871862400000,
    "10": null,
    "11": -5257785600000,
    "12": 194400000000,
    "13": 1135987200000,
    "14": 163036800000,
    "15": 315532800000,
    "16": 1700438400000,
    "17": 570672000000,
    "18": 693187200000,
    "19": 484099200000,
    "20": null,
    "21": 1527811200000,
    "22": -2764800000,
    "23": 609120000000,
    "24": 946684800000,
    "25": 269913600000,
    "26": 658368000000,
    "27": 1274745600000,
    "28": 660960000000,
    "29": 79056000000,
    "30": null,
    "31": 367977600000,
    "32": 546048000000,
    "33": 776649600000,
    "34": 980812800000,
    "35": 1034640000000,
    "36": 311558400000,
    "37": 740620800000,
    "38": 1083283200000,
    "39": 791424000000,
    "40": 858384000000,
    "41": 781401600000,
    "42": null,
    "43": null,
    "44": null,
    "45": 479692800000,
    "46": 57715200000,
    "47": 504835200000
  },
  "MergedNames": {
    "0": "Alice White",
    "1": "Bob Brown",
    "2": "Carol Grey",
    "3": "David Black",
    "4": "Eve Green",
    "5": "Frank Turner",
    "6": "Grace Harper",
    "7": "Holly Norman",
    "8": "Ian Ross",
    "9": "John Bishop",
    "10": "FirstName LastName",
    "11": "Ada L Lovelace",
    "12": "Amy C Appleseed",
    "13": "Bao Nguyen",
    "14": "Carla 342 Jimenez",
    "15": "007 Dena Smith-Tracy",
    "16": "Ellie J McException",
    "17": "Inna Romanov",
    "18": "Liska -diana",
    "19": "Mario Antonio",
    "20": "x012 Zoe Roberts Col",
    "21": "Angela Williams",
    "22": "Bell Smith",
    "23": "Cory Thompson",
    "24": "D\\n Dora Delgado oo",
    "25": "Zayd Edris",
    "26": "Tina McTwitter",
    "27": "Kelly OConnel",
    "28": "Marek Swobodzki",
    "29": "Neil Q Quintz",
    "30": "P Franklin 1991-02-15",
    "31": "Susan Doe",
    "32": "Travis Rumbold",
    "33": "Lvi, Marks",
    "34": "Minerva Torres",
    "35": "Nic Wilson",
    "36": "Olivia Ab01 Sila",
    "37": "Padma Patil",
    "38": "\u00d1elly Garc\u00eda",
    "39": "Ren\u00e9 A R\u00e9gisReed",
    "40": "Szilvia Frncis Hall",
    "41": "Andrea S Val043y",
    "42": "DBry Jenkins",
    "43": "Elena00 L0k Scihmidt",
    "44": "Gabriel   Lakey 1998-06-30",
    "45": "H\u00e9ct\u00f3r Espinsa",
    "46": "Ian S Kimball",
    "47": "Jack Slater"
  },
  "Age": {
    "0": -1027382400000,
    "1": -1104364800000,
    "2": -866764800000,
    "3": -955324800000,
    "4": -1192579200000,
    "5": -1328918400000,
    "6": -942796800000,
    "7": -748915200000,
    "8": -839376000000,
    "9": -800668800000,
    "10": null,
    "11": -6930316800000,
    "12": -1478131200000,
    "13": -536544000000,
    "14": -1509494400000,
    "15": -1356998400000,
    "16": 27907200000,
    "17": -1101859200000,
    "18": -979344000000,
    "19": -1188432000000,
    "20": null,
    "21": -144720000000,
    "22": -1675296000000,
    "23": -1063411200000,
    "24": -725846400000,
    "25": -1402617600000,
    "26": -1014163200000,
    "27": -397785600000,
    "28": -1011571200000,
    "29": -1593475200000,
    "30": null,
    "31": -1304553600000,
    "32": -1126483200000,
    "33": -895881600000,
    "34": -691718400000,
    "35": -637891200000,
    "36": -1360972800000,
    "37": -931910400000,
    "38": -589248000000,
    "39": -881107200000,
    "40": -814147200000,
    "41": -891129600000,
    "42": null,
    "43": null,
    "44": null,
    "45": -1192838400000,
    "46": -1614816000000,
    "47": -1167696000000
  },
  "SalaryBucket": {
    "0": "B",
    "1": "B",
    "2": "A",
    "3": "B",
    "4": "C",
    "5": "B",
    "6": "B",
    "7": "A",
    "8": "C",
    "9": "B",
    "10": "UNKNOWN",
    "11": "C",
    "12": "A",
    "13": "C",
    "14": "A",
    "15": "UNKNOWN",
    "16": "B",
    "17": "C",
    "18": "A",
    "19": "C",
    "20": "B",
    "21": "A",
    "22": "C",
    "23": "B",
    "24": "A",
    "25": "C",
    "26": "A",
    "27": "A",
    "28": "B",
    "29": "B",
    "30": "UNKNOWN",
    "31": "B",
    "32": "C",
    "33": "B",
    "34": "B",
    "35": "C",
    "36": "B",
    "37": "B",
    "38": "A",
    "39": "B",
    "40": "B",
    "41": "B",
    "42": "C",
    "43": "B",
    "44": "UNKNOWN",
    "45": "B",
    "46": "B",
    "47": "A"
  }
}